County Name,Population,,,,,,,,,,,,,,,,,,,,,,,,,,,,,,,,,,,,,,,,,,,,,,,,,,,,,,,,,,,,,,,,,,,,,,,,,,,,,,,,,,,,,,,,,,,,,,,,,,
Alamance,"178,943",15,1.70%,15,16.50%,16,"25,300",14,40.12,70,40.09,70,20.70%,37,20.90%,34,18.80%,76,18.50%,76,5.30%,83,5.50%,81,28.80%,47,26.20%,45,14.50%,65,14.80%,63,11.40%,22,13.10%,27,370,82,627,25,39.5,49,67,82,46.40%,76,46.40%,76,10.10%,21,45.90%,35,54.00%,56,80.80%,31,80.10%,32,94.50%,24,34.70%,44,17.60%,21,18.30%,30,"48,118",48,"44,418",46,64.60%,45,65.00%,46,84.50%,87,86.20%,94,3.50%,51,3.60%,51,974,22,937,17,0.432,13,0.65,45,590.2,89,591.4,84,"90,806",78,"89,600",74,6.75%
Alexander,"36,560",67,0.30%,67,-0.80%,61,-277,61,44.16,34,44.03,35,18.70%,68,18.80%,68,21.50%,47,21.20%,46,5.90%,61,6.00%,63,27.20%,37,24.70%,35,12.50%,26,13.60%,38,11.60%,23,13.50%,31,803,18,301,52,21.3,13,8,25,33.80%,93,34.30%,93,16.30%,71,35.30%,77,48.40%,77,77.70%,47,76.90%,48,69.30%,70,33.30%,33,18.30%,28,16.80%,24,"46,513",63,"42,147",61,46.60%,82,44.70%,82,84.20%,85,83.10%,62,3.00%,14,3.20%,11,822,80,761,84,0.67,55,0.79,79,618.7,84,611,79,"78,323",94,"77,345",91,7.00%
Alleghany,"11,142",94,0.10%,94,2.40%,49,266,52,46.46,18,46.69,17,17.20%,82,17.10%,84,27.00%,16,26.90%,14,7.30%,29,7.40%,29,30.30%,53,28.60%,57,17.00%,90,19.50%,96,15.80%,93,17.50%,96,485,59,45,94,18,8,2,2,98.60%,14,95.90%,19,16.00%,66,33.20%,84,37.50%,99,72.80%,72,69.10%,84,96.60%,15,47.70%,92,28.40%,77,30.70%,88,"45,206",71,"42,648",59,75.00%,22,73.90%,23,77.20%,14,80.80%,33,4.40%,82,3.70%,52,763,95,716,95,0.597,36,0.597,28,1079.5,12,1050,13,"180,812",15,"175,883",16,7.00%
Anson,"21,433",77,0.20%,77,-15.60%,94,"-3,976",92,40.45,68,40.48,68,21.40%,27,21.40%,29,19.70%,61,19.60%,59,6.50%,45,6.60%,45,44.60%,95,41.80%,95,12.80%,35,13.30%,33,12.50%,39,14.50%,58,309,88,63,91,24.5,21,6,19,101.30%,13,101.30%,13,15.50%,62,25.00%,99,46.20%,81,72.80%,73,70.90%,75,58.70%,82,47.30%,91,30.50%,84,29.30%,82,"47,744",50,"42,055",63,51.40%,75,53.00%,73,81.30%,42,82.50%,54,4.00%,76,4.20%,76,836,73,777,76,0.777,78,0.777,75,782.3,51,779.3,42,"100,290",66,"100,290",61,7.00%
Ashe,"26,685",73,0.20%,73,-0.30%,58,-72,59,48.25,12,48.18,12,16.90%,85,17.10%,86,27.10%,14,26.80%,15,5.90%,60,6.10%,61,26.80%,36,25.80%,40,13.80%,57,16.50%,80,13.10%,50,14.00%,43,695,30,189,69,18.4,9,5,15,129.50%,3,126.70%,3,5.60%,4,43.20%,45,62.00%,28,76.70%,51,77.00%,46,99.10%,6,38.70%,59,22.40%,55,22.40%,60,"44,203",80,"41,284",72,77.30%,16,75.30%,19,78.60%,23,78.50%,14,2.90%,6,3.20%,15,803,88,753,88,0.44,14,0.51,15,822.5,42,806.5,37,"161,278",20,"158,140",19,7.00%
Avery,"17,951",84,0.20%,84,1.10%,52,188,53,45.83,23,45.71,24,15.10%,96,15.00%,97,23.10%,32,22.80%,32,5.70%,72,5.80%,73,22.40%,17,20.50%,14,16.30%,87,19.20%,95,13.10%,50,14.00%,43,604,44,106,77,11.4,3,2,2,85.40%,29,85.40%,28,5.90%,6,40.20%,57,41.30%,92,74.80%,62,74.20%,62,83.60%,47,40.40%,69,24.00%,60,23.80%,66,"43,022",89,"40,197",81,78.50%,13,76.80%,17,78.90%,26,77.50%,10,2.90%,8,3.40%,26,789,92,739,93,0.4,9,0.4,5,1316.9,4,1312.7,4,"329,217",2,"238,675",5,6.75%
Beaufort,"44,244",57,0.40%,57,-5.40%,77,"-2,546",85,46.26,20,46.19,20,19.20%,61,19.40%,59,26.50%,18,26.20%,17,7.20%,30,7.30%,30,33.80%,70,31.60%,72,13.70%,56,14.40%,52,13.20%,55,14.00%,43,898,11,422,41,38.3,45,18,37,46.60%,75,46.60%,75,13.50%,47,40.00%,60,53.20%,59,76.60%,53,74.90%,57,48.70%,90,36.40%,48,32.00%,90,29.00%,81,"54,165",21,"49,748",22,72.20%,29,72.80%,27,85.50%,90,86.20%,94,4.00%,77,3.90%,62,871,47,805,55,0.625,44,0.625,40,885.9,31,855.7,31,"141,743",33,"136,913",32,6.75%
Bertie,"16,655",86,0.20%,86,-16.40%,96,"-3,277",88,40.03,71,40.03,71,20.10%,48,20.00%,51,21.00%,51,20.70%,51,6.30%,51,6.40%,53,41.40%,87,38.90%,89,11.40%,7,12.60%,17,14.10%,75,16.50%,86,469,64,74,88,52.8,80,10,30,89.10%,24,89.10%,24,18.50%,87,31.30%,90,47.40%,79,66.80%,92,66.20%,92,60.40%,80,50.20%,97,30.80%,87,31.50%,90,"48,377",47,"42,000",64,46.50%,83,52.40%,75,83.70%,81,80.20%,25,4.40%,83,4.80%,90,791,91,740,91,0.865,95,0.865,93,730.2,63,711.2,62,"84,412",89,"82,221",87,7.00%
Bladen,"29,077",72,0.30%,72,-12.90%,91,"-4,310",93,38.44,84,38.43,83,22.50%,16,22.60%,17,19.80%,60,19.80%,58,6.80%,36,6.90%,36,43.10%,92,39.80%,92,15.50%,81,16.10%,76,14.70%,85,16.30%,83,862,13,282,56,76.4,97,25,53,87.20%,27,98.60%,15,22.40%,97,32.30%,87,50.70%,69,70.00%,82,70.50%,79,68.20%,73,47.20%,90,30.60%,85,35.50%,96,"47,567",51,"43,369",51,62.20%,53,61.00%,56,83.30%,70,82.90%,59,4.20%,79,4.10%,74,854,59,781,72,0.785,79,0.785,76,923.9,27,861,28,"117,695",50,"104,998",52,6.75%
Brunswick,"157,537",19,1.50%,19,39.80%,1,"44,852",6,53.09,1,52.71,1,14.40%,99,14.80%,98,32.30%,3,31.90%,4,9.00%,12,9.50%,11,21.70%,12,20.60%,15,11.70%,12,13.50%,37,11.20%,19,13.10%,27,714,26,"1,020",13,36.4,42,52,77,49.30%,70,49.50%,71,15.20%,60,47.80%,28,62.00%,27,88.70%,7,87.30%,9,99.30%,5,25.90%,9,18.40%,29,19.60%,41,"55,361",19,"52,706",16,63.60%,48,63.70%,48,78.30%,20,79.90%,23,4.00%,78,4.50%,82,927,32,873,32,0.342,5,0.485,11,1053.6,15,1060.3,12,"217,228",8,"218,626",7,6.75%
Buncombe,"277,266",7,2.60%,7,11.20%,21,"27,941",11,43.77,41,43.52,43,17.10%,83,17.40%,79,22.30%,39,21.90%,39,6.30%,50,6.40%,50,22.30%,15,20.90%,18,14.50%,66,14.60%,58,11.90%,29,13.70%,35,784,20,"2,048",3,46.7,67,122,94,41.00%,83,41.00%,83,11.50%,24,60.10%,8,74.40%,7,81.50%,29,80.70%,28,95.80%,17,30.70%,21,17.00%,19,17.40%,28,"57,895",12,"53,944",13,90.70%,2,91.10%,1,75.80%,9,77.50%,10,2.70%,1,3.00%,1,1028,12,970,12,0.498,19,0.488,13,882.3,32,865.2,27,"180,804",16,"177,299",15,7.00%
Burke,"87,923",33,0.80%,33,0.00%,57,-27,57,43.53,42,43.54,42,19.30%,60,19.40%,58,22.10%,40,21.80%,41,6.30%,53,6.40%,51,31.40%,59,28.60%,56,15.10%,76,15.50%,72,15.00%,90,16.30%,83,668,35,604,28,67.4,90,61,80,63.90%,53,63.90%,53,22.20%,96,38.30%,65,42.60%,88,73.50%,71,72.10%,69,82.70%,50,39.70%,65,19.90%,37,30.10%,87,"44,798",76,"41,229",74,64.20%,46,65.20%,45,84.90%,88,85.70%,90,3.40%,44,3.40%,30,868,48,820,47,0.56,28,0.695,58,622.1,83,599.2,83,"89,511",81,"86,216",78,6.75%
Cabarrus,"240,512",11,2.20%,11,27.50%,4,"51,837",4,39.51,77,39.35,77,22.10%,23,22.40%,20,14.60%,92,14.20%,93,4.90%,90,5.10%,90,23.30%,20,21.40%,19,11.60%,10,11.20%,4,8.90%,3,10.30%,5,416,73,900,16,33.7,35,73,85,37.80%,86,37.70%,86,12.90%,38,57.70%,11,72.90%,8,87.80%,9,87.50%,8,96.10%,16,24.40%,5,12.70%,6,10.50%,5,"53,647",23,"49,592",24,52.10%,74,49.10%,77,77.00%,13,79.90%,23,3.20%,23,3.30%,17,976,20,913,22,0.74,71,0.74,70,962,21,953.8,21,"130,004",43,"128,890",41,7.00%
Caldwell,"81,075",34,0.80%,34,-0.70%,60,-540,64,43.94,36,43.97,36,18.80%,67,18.90%,66,21.10%,49,20.80%,49,5.90%,64,6.10%,62,34.10%,72,31.90%,74,14.30%,62,15.30%,68,13.50%,62,14.90%,64,737,23,606,27,57.2,82,47,75,59.20%,59,59.20%,60,16.20%,69,38.30%,66,50.30%,73,73.70%,69,73.80%,65,90.80%,30,38.20%,57,21.20%,45,19.10%,36,"43,856",82,"40,147",82,59.60%,61,59.30%,62,83.30%,70,83.10%,62,3.40%,45,3.60%,46,943,29,880,30,0.63,46,0.63,42,662.5,73,653.8,72,"105,165",59,"103,775",55,6.75%
Camden,"11,144",93,0.10%,93,12.10%,20,"1,203",45,42.54,49,42.36,52,18.40%,69,18.50%,69,18.50%,78,18.10%,79,9.60%,9,10.00%,8,16.40%,5,14.70%,5,13.50%,51,11.20%,5,9.40%,6,10.20%,3, Data is unavailable. ,, Data unavailable ,,0,1,  -   ,1,174.20%,1,174.20%,1,12.80%,37,52.40%,19,55.40%,52,87.00%,12,88.30%,5,71.80%,65,26.30%,11,9.80%,2,8.60%,3,"55,457",17,"52,032",18,21.80%,100,22.10%,100,79.10%,27,82.70%,56,3.20%,29,4.00%,68,933,31,868,34,0.73,64,0.87,94,1001.4,17,999.7,16,"115,099",51,"114,907",47,6.75%
Carteret,"69,296",39,0.60%,39,1.60%,50,"1,095",46,48.86,9,48.85,9,15.90%,93,16.10%,92,27.40%,13,27.00%,13,11.80%,4,12.00%,4,22.20%,13,20.70%,17,11.70%,11,13.40%,36,11.70%,27,12.60%,19,825,17,573,31,48.9,71,34,64,109.30%,7,114.50%,6,12.70%,35,51.80%,20,67.60%,18,86.00%,16,85.50%,14,98.90%,8,27.60%,13,17.90%,25,16.00%,18,"60,741",9,"57,329",8,72.50%,28,73.60%,25,83.30%,70,84.20%,73,3.20%,27,3.40%,25,816,82,779,73,0.34,4,0.33,2,823.7,41,810.2,36,"249,605",6,"245,515",4,6.75%
Caswell,"22,245",75,0.20%,75,-5.20%,76,"-1,214",76,45.2,27,45.24,26,16.70%,87,16.80%,88,23.90%,30,23.40%,29,6.20%,56,6.30%,57,31.70%,64,29.80%,68,13.80%,58,13.30%,32,12.80%,46,14.10%,48,438,66,99,81,17.7,7,4,11,88.20%,26,88.20%,26,18.10%,84,33.20%,83,53.50%,58,74.10%,67,69.90%,81,43.40%,93,31.50%,25,27.80%,75,24.00%,67,"42,247",92,"38,866",92,27.40%,97,23.90%,99,86.00%,96,86.10%,93,3.50%,53,3.90%,63,848,64,802,56,0.735,68,0.735,68,580.2,91,576.7,87,"78,936",93,"78,461",89,6.75%
Catawba,"163,845",18,1.50%,18,5.30%,39,"8,205",27,42.56,48,42.43,51,20.20%,43,20.40%,43,19.90%,58,19.50%,61,6.10%,59,6.30%,58,26.70%,34,24.50%,34,13.50%,50,15.40%,71,12.00%,31,13.20%,29,538,53,858,19,53.9,81,86,88,46.40%,77,46.40%,76,13.30%,44,47.10%,29,56.30%,48,78.90%,40,78.40%,37,94.70%,22,32.70%,30,17.90%,24,17.20%,27,"53,333",25,"49,400",25,77.90%,15,77.90%,14,82.60%,58,84.40%,75,3.30%,33,3.40%,28,1027,13,964,14,0.3985,8,0.575,24,716,66,690.8,66,"124,519",48,"120,140",45,7.00%
Chatham,"79,708",35,0.70%,35,20.70%,9,"13,660",20,50.25,7,49.93,7,16.40%,89,16.80%,87,29.00%,8,28.40%,10,4.90%,91,5.00%,91,15.90%,4,14.50%,3,12.20%,20,14.00%,48,9.70%,9,10.70%,7,302,89,225,64,38.9,46,29,59,107.20%,8,107.60%,8,9.60%,15,58.20%,10,71.00%,9,84.20%,19,84.10%,17,69.70%,68,25.90%,10,16.70%,18,13.30%,10,"75,624",1,"70,130",1,47.40%,79,44.40%,84,73.00%,7,75.70%,7,2.90%,5,3.10%,3,919,34,852,38,0.685,59,0.665,52,1218,8,1188.5,9,"183,156",14,"178,723",14,7.00%
Cherokee,"29,387",71,0.30%,71,8.00%,30,"2,170",40,52.17,2,51.94,2,15.90%,94,15.90%,94,32.20%,4,31.90%,3,8.70%,16,9.00%,15,32.00%,65,29.60%,63,14.80%,72,16.60%,83,14.70%,85,16.40%,85,573,49,164,73,73.4,96,21,43,53.80%,66,57.00%,65,7.20%,9,46.60%,32,68.10%,16,78.40%,42,76.40%,51,55.90%,86,41.40%,74,26.90%,71,24.90%,69,"40,485",98,"37,421",97,76.10%,19,74.10%,21,77.70%,16,77.70%,12,3.70%,63,3.80%,61,796,89,740,91,0.61,39,0.61,32,841.8,40,665.1,70,"138,007",36,"133,027",36,7.00%
Chowan,"13,722",89,0.10%,89,-6.20%,79,-909,71,43.18,45,43.32,45,20.00%,51,20.10%,49,25.20%,21,25.30%,20,7.40%,28,7.60%,28,32.60%,67,30.10%,69,10.90%,5,11.80%,8,14.10%,75,14.70%,63,430,70,55,92,28.7,23,4,11,105.90%,9,105.90%,10,12.30%,29,37.40%,69,53.60%,57,69.60%,84,71.60%,74,62.60%,78,39.70%,64,28.50%,78,28.90%,80,"50,460",33,"46,206",32,60.40%,60,56.80%,67,85.90%,94,84.80%,85,3.70%,64,3.90%,66,879,42,811,52,0.665,54,0.665,52,927.5,25,851.7,32,"139,475",34,"112,812",48,6.75%
Clay,"11,573",92,0.10%,92,8.20%,28,877,49,51.52,3,51.45,3,16.00%,91,16.00%,93,32.50%,2,32.30%,2,7.50%,25,7.80%,26,28.30%,44,26.40%,46,16.00%,86,17.20%,87,14.30%,79,15.80%,78, Data is unavailable. ,, Data unavailable ,,71.2,94,8,25,94.90%,18,100.00%,14,7.00%,8,56.20%,15,49.70%,75,74.60%,63,70.80%,77,59.20%,81,34.90%,45,25.20%,62,24.10%,68,"43,300",85,"40,229",79,54.00%,71,60.30%,60,72.80%,6,75.40%,5,3.60%,62,4.00%,67,819,81,753,88,0.43,11,0.43,8,794.3,47,790,39,"184,720",13,"183,720",11,7.00%
Cleveland,"102,680",28,1.00%,28,6.00%,38,"5,853",31,41.69,62,41.72,62,20.80%,36,20.90%,36,19.90%,59,19.60%,60,5.60%,74,5.80%,74,36.90%,81,34.70%,82,13.50%,52,13.60%,40,13.90%,72,15.70%,77,572,50,560,32,23.5,19,23,48,74.30%,38,74.30%,39,15.10%,59,38.70%,63,51.90%,66,71.90%,76,72.20%,67,86.70%,38,42.40%,78,26.80%,70,21.70%,54,"45,544",70,"41,569",70,66.60%,44,65.30%,44,83.50%,77,83.80%,69,3.50%,50,3.80%,57,937,30,869,33,0.6875,60,0.6875,57,737.3,61,716.3,61,"107,245",56,"104,195",54,6.75%
Columbus,"49,851",51,0.50%,51,-11.10%,90,"-6,233",97,42.19,57,42.22,56,20.80%,35,20.90%,37,20.90%,52,20.60%,52,6.80%,37,6.90%,34,43.40%,94,40.00%,93,15.90%,85,16.60%,82,14.50%,83,16.60%,88,"1,038",6,576,30,66.7,89,37,70,83.70%,32,83.70%,29,22.00%,94,30.80%,94,39.80%,95,65.30%,96,65.20%,94,89.00%,35,47.00%,89,33.90%,92,26.60%,74,"44,729",77,"40,202",80,62.60%,51,60.50%,59,86.30%,97,86.00%,92,3.60%,58,4.10%,75,788,93,772,78,0.805,83,0.805,81,691,69,686,69,"85,841",88,"85,222",83,6.75%
Craven,"102,142",29,0.90%,29,-1.40%,62,"-1,431",78,37.38,92,37.4,91,25.00%,6,25.10%,6,19.00%,73,18.70%,71,12.00%,3,12.30%,3,26.80%,35,24.20%,32,13.00%,39,12.90%,23,12.00%,31,13.50%,31,712,27,727,22,62.7,86,64,81,43.10%,81,43.10%,81,11.90%,26,45.10%,40,57.80%,42,80.60%,32,80.60%,29,81.70%,54,33.60%,35,18.00%,26,19.00%,34,"54,135",22,"50,408",21,80.40%,12,80.90%,12,79.20%,30,79.40%,18,3.50%,56,3.60%,44,982,17,945,15,0.4448,15,0.56,21,572.5,93,562.8,90,"102,240",63,"100,494",60,6.75%
Cumberland,"345,250",5,3.20%,5,3.80%,42,"12,488",22,33.14,96,33.1,97,26.40%,3,26.40%,4,14.50%,93,14.10%,94,14.10%,1,14.50%,1,36.50%,79,33.20%,78,11.90%,14,12.50%,16,14.10%,75,16.20%,81,515,56,"1,727",6,63.8,87,214,97,48.30%,73,49.50%,71,13.10%,42,45.70%,37,59.00%,36,81.60%,27,81.30%,27,97.50%,12,39.80%,66,21.70%,47,25.30%,70,"46,992",54,"43,028",55,87.90%,6,88.70%,5,78.70%,25,78.60%,15,4.80%,91,4.80%,91,976,20,935,18,0.799,82,0.799,80,576.7,92,568.5,88,"72,183",97,"71,154",96,7.00%
Currituck,"32,208",70,0.30%,70,33.20%,3,"8,031",28,43.8,40,43.7,40,19.20%,62,19.40%,61,17.70%,80,17.40%,80,8.80%,15,9.20%,12,15.80%,3,14.50%,4,12.00%,16,12.70%,19,8.90%,3,10.30%,5,371,81,103,80,32.4,31,9,27,45.90%,78,45.90%,78,12.40%,30,48.60%,24,64.30%,23,89.10%,5,86.50%,11,88.20%,36,20.20%,1,12.80%,7,14.80%,15,"57,320",15,"53,380",15,33.30%,93,31.70%,93,82.00%,54,83.10%,62,3.00%,13,3.30%,19,807,87,762,83,0.56,28,0.46,10,1250.5,6,1259.5,5,"271,854",5,"273,810",2,6.75%
Dare,"38,392",64,0.40%,64,10.30%,24,"3,584",36,46.58,17,46.53,18,17.00%,84,17.30%,82,24.50%,25,24.00%,25,8.50%,18,8.80%,18,18.70%,7,17.40%,8,13.60%,53,13.60%,41,10.00%,10,12.30%,16,549,52,203,65,45.9,65,17,35,80.70%,33,80.70%,31,13.00%,40,57.00%,14,57.20%,45,90.40%,3,90.30%,3,99.30%,4,22.60%,4,14.00%,12,13.20%,9,"68,887",5,"65,191",5,89.50%,3,89.70%,3,78.10%,18,77.30%,9,3.40%,49,3.60%,43,832,74,783,69,0.4005,10,0.4005,7,1819.4,2,1821.2,1,"454,294",1,"454,732",1,6.75%
Davidson,"173,876",16,1.60%,16,6.60%,37,"10,810",25,42.24,56,42.28,53,20.10%,47,20.30%,46,19.40%,68,19.10%,67,5.00%,88,5.20%,88,27.80%,39,25.60%,39,14.50%,67,14.60%,59,12.70%,44,14.10%,48,615,43,"1,030",12,71,93,119,93,34.30%,92,34.90%,91,15.50%,63,40.80%,54,57.60%,44,80.40%,34,79.80%,33,97.70%,11,37.10%,51,19.60%,36,17.50%,29,"48,086",49,"44,191",47,48.60%,77,47.20%,80,81.70%,49,82.10%,47,3.20%,32,3.40%,32,964,25,907,24,0.54,25,0.54,19,566.3,94,554.4,93,"104,865",60,"102,665",58,7.00%
Davie,"44,223",58,0.40%,58,7.50%,34,"3,069",37,45.04,28,44.96,27,18.30%,70,18.50%,70,22.70%,34,22.20%,36,6.60%,43,6.70%,44,22.60%,18,20.50%,12,13.40%,47,13.00%,27,11.90%,29,13.00%,25,465,65,199,66,46.7,67,20,39,94.00%,19,94.00%,21,15.00%,58,44.40%,42,52.00%,65,86.80%,14,84.60%,16,86.50%,39,28.00%,14,14.40%,14,13.00%,8,"57,591",14,"53,558",14,45.80%,84,46.30%,81,81.20%,40,82.80%,58,3.10%,21,3.40%,27,926,33,874,31,0.773,77,0.773,74,924.7,26,901.3,24,"126,149",46,"122,959",44,6.75%
Duplin,"48,754",52,0.50%,52,-13.00%,92,"-7,312",99,35.57,94,35.63,93,26.20%,4,26.50%,3,15.40%,89,15.40%,89,6.30%,49,6.50%,47,41.60%,90,38.00%,85,21.20%,99,21.60%,99,13.00%,48,13.60%,33,177,97,104,79,35.8,41,21,43,64.10%,52,64.10%,52,13.20%,43,34.90%,80,39.90%,94,67.50%,89,68.70%,85,55.70%,87,45.90%,87,28.40%,76,26.90%,76,"51,968",29,"44,729",44,58.40%,64,56.90%,66,80.90%,38,80.70%,31,3.40%,43,3.60%,49,852,60,792,62,0.735,68,0.735,68,741.4,60,710,64,"100,876",65,"96,599",64,7.00%
Durham,"337,195",6,3.10%,6,17.10%,13,"49,197",5,35.19,95,35.06,95,22.50%,15,22.60%,15,13.70%,96,13.40%,96,4.60%,95,4.60%,95,23.70%,22,21.80%,23,13.50%,49,14.00%,47,9.60%,8,11.30%,9,410,77,"1,317",10,33.6,33,108,92,31.80%,94,31.80%,94,7.80%,11,70.10%,3,74.50%,5,86.90%,13,86.40%,13,97.90%,10,30.90%,22,19.30%,34,16.20%,20,"60,330",10,"55,464",10,69.60%,32,67.60%,37,71.40%,5,75.40%,5,3.10%,18,3.10%,6,1659,1,1600,1,0.7522,74,0.7222,62,1070.2,13,1036.5,14,"148,188",27,"143,516",27,7.50%
Edgecombe,"47,122",54,0.40%,54,-13.40%,93,"-7,269",98,44.98,29,44.78,29,23.10%,11,23.20%,10,23.90%,28,23.30%,30,5.70%,71,5.80%,71,51.70%,98,47.60%,98,11.40%,8,12.10%,11,14.30%,79,16.50%,86,678,33,349,49,48.6,70,25,53,59.60%,57,59.60%,58,17.00%,75,36.10%,73,48.40%,76,67.60%,88,64.40%,95,66.80%,75,45.00%,80,33.00%,91,45.40%,99,"45,069",72,"40,755",75,52.30%,73,52.00%,76,81.50%,48,81.40%,39,5.50%,99,6.10%,100,845,67,829,43,0.95,97,0.95,98,690.5,70,690.1,67,"72,688",96,"72,637",95,7.00%
Forsyth,"388,365",4,3.60%,4,7.70%,33,"27,719",12,38.27,85,38.15,85,21.50%,26,21.70%,25,17.40%,84,17.10%,84,5.80%,66,5.90%,66,28.70%,46,26.00%,41,12.20%,18,14.20%,51,11.60%,23,13.00%,25,378,80,"1,444",8,39,47,149,96,30.20%,95,30.70%,95,11.80%,25,54.00%,17,63.20%,24,82.20%,25,81.50%,25,99.40%,3,33.90%,38,19.90%,38,18.80%,33,"56,378",16,"52,167",17,76.70%,17,77.00%,16,79.20%,30,80.90%,35,3.50%,52,3.60%,50,1202,5,1138,6,0.6778,57,0.6778,55,777.7,53,760.5,47,"114,744",52,"112,200",49,7.00%
Franklin,"75,698",37,0.70%,37,22.80%,6,"14,066",19,42.12,58,42.02,59,20.50%,39,20.70%,39,19.00%,72,18.70%,72,4.80%,94,5.00%,94,25.70%,29,23.60%,29,14.60%,68,13.80%,45,10.30%,13,11.80%,13,413,75,288,54,34.4,36,24,51,45.70%,79,45.20%,79,17.60%,81,46.40%,33,61.20%,30,78.20%,44,76.60%,50,73.80%,63,32.60%,29,17.40%,20,16.40%,22,"44,996",74,"41,482",71,31.00%,95,31.50%,94,82.60%,58,83.70%,68,3.50%,57,3.60%,48,973,23,931,19,0.785,79,0.785,76,768,54,746.1,49,"97,836",68,"93,844",69,6.75%
Gaston,"241,175",10,2.20%,10,14.60%,17,"30,791",10,40.88,67,40.82,66,21.10%,29,21.30%,31,17.20%,85,17.00%,85,5.50%,78,5.60%,77,30.40%,55,27.90%,54,12.90%,36,13.90%,46,12.30%,36,14.00%,43,623,40,"1,399",9,31.6,28,71,83,66.70%,47,66.70%,47,14.00%,53,48.10%,26,58.30%,39,79.00%,38,77.30%,43,97.50%,13,33.30%,32,19.60%,35,16.10%,19,"48,508",46,"44,739",43,56.40%,67,55.00%,68,82.60%,58,84.70%,81,3.30%,42,3.50%,40,957,27,903,26,0.61,39,0.81,82,748.3,58,753,48,"92,382",75,"90,721",72,7.00%
Gates,"10,247",96,0.10%,96,-10.40%,89,"-1,189",75,43.28,44,43.57,41,17.40%,77,17.60%,77,22.90%,33,22.50%,33,7.40%,27,7.60%,27,25.50%,28,24.20%,31,10.70%,3,11.80%,7,11.60%,23,12.70%,20, Data is unavailable. ,, Data unavailable ,,43.2,59,5,15,141.40%,2,141.40%,2,12.60%,33,25.80%,98,50.50%,70,77.00%,49,77.00%,47,53.30%,88,31.40%,24,20.70%,41,19.70%,42,"50,100",36,"45,113",38,26.70%,98,26.30%,97,83.50%,77,88.60%,98,3.40%,46,3.50%,37,852,60,779,73,0.84,90,0.84,88,816.6,43,740.6,52,"97,216",70,"93,751",70,6.75%
Graham,"8,067",98,0.10%,98,-6.40%,80,-548,65,43.93,37,44.08,34,21.00%,30,21.30%,30,25.30%,20,25.30%,21,6.20%,55,6.30%,56,38.90%,83,35.80%,83,18.30%,94,19.00%,93,15.00%,90,16.70%,90,983,8,83,83,35.5,39,3,7,84.40%,30,77.80%,34,15.40%,61,35.40%,76,60.10%,31,66.60%,93,67.40%,89,38.10%,95,41.90%,75,27.60%,73,23.80%,64,"43,178",86,"39,698",88,74.40%,23,74.10%,21,82.60%,58,84.40%,75,4.30%,80,4.90%,92,841,71,792,62,0.59,34,0.65,45,982.5,19,969.1,19,"151,149",24,"149,100",23,7.00%
Granville,"62,776",46,0.60%,46,9.20%,26,"5,285",32,43.82,38,43.71,39,18.30%,71,18.50%,71,19.10%,70,18.60%,73,4.80%,92,5.00%,93,25.00%,25,22.90%,26,13.10%,41,13.20%,31,10.20%,11,11.30%,9,475,63,287,55,43,57,26,55,77.00%,34,77.90%,33,18.30%,86,44.60%,41,62.40%,25,83.10%,22,82.40%,22,67.30%,74,33.50%,34,16.70%,17,15.40%,16,"46,504",64,"43,069",54,45.60%,85,44.70%,82,82.00%,54,83.90%,71,3.00%,10,3.10%,4,1030,11,967,13,0.84,90,0.84,88,725.6,65,722.2,59,"86,380",87,"85,978",81,6.75%
Greene,"20,120",79,0.20%,79,-3.10%,70,-643,66,42.44,53,42.19,57,19.80%,52,20.10%,48,19.10%,71,18.70%,70,4.50%,97,4.50%,97,31.70%,63,29.80%,66,20.60%,98,20.70%,98,13.60%,64,14.90%,64,380,79,80,84,23.7,20,5,15,64.20%,51,64.20%,51,20.50%,91,32.50%,86,38.20%,97,71.00%,80,70.20%,80,41.50%,94,48.00%,93,31.80%,89,29.70%,85,"39,564",99,"35,457",100,35.50%,91,34.40%,92,85.50%,90,84.50%,77,2.90%,7,3.30%,16,840,72,763,82,0.786,81,0.786,78,512.7,99,497.2,100,"65,232",100,"63,263",100,7.00%
Guilford,"546,934",3,5.10%,3,7.70%,32,"39,208",8,38.21,86,38.03,86,20.40%,40,20.60%,40,17.10%,88,16.70%,87,5.10%,85,5.30%,86,29.90%,52,27.40%,51,11.90%,15,13.10%,29,11.00%,17,13.30%,30,296,90,"1,590",7,46.4,66,249,100,69.70%,44,69.70%,45,9.80%,17,57.00%,13,66.20%,20,83.30%,21,82.40%,21,98.10%,9,33.70%,36,17.70%,22,19.30%,38,"54,651",20,"50,418",20,82.70%,10,82.90%,10,78.60%,23,80.30%,26,3.90%,71,3.90%,64,1113,7,1069,8,0.7305,67,0.7305,67,933.5,24,743,50,"127,794",45,"101,715",59,6.75%
Halifax,"47,359",53,0.40%,53,-10.10%,88,"-5,343",95,45.23,25,45.34,25,20.90%,33,20.90%,35,23.70%,31,23.30%,31,6.10%,58,6.20%,59,43.40%,93,40.30%,94,14.00%,59,15.00%,66,16.00%,94,17.90%,97,582,48,291,53,30,26,15,33,59.00%,62,61.00%,56,25.40%,98,31.30%,91,42.10%,89,63.90%,97,61.50%,98,56.20%,85,51.60%,99,35.90%,96,31.00%,89,"44,948",75,"40,677",77,69.00%,35,67.10%,39,81.80%,51,82.20%,49,5.00%,96,5.10%,95,814,84,758,85,0.76,75,0.76,72,666.6,72,648.1,74,"87,705",85,"85,282",82,7.00%
Harnett,"143,081",23,1.30%,23,16.70%,15,"20,430",15,35.59,93,35.63,94,25.50%,5,25.70%,5,14.10%,95,13.90%,95,8.30%,21,8.60%,20,28.00%,41,26.00%,42,12.50%,28,15.10%,67,12.20%,34,13.70%,35,360,84,490,39,52.2,79,71,83,37.70%,88,37.70%,86,14.40%,54,46.70%,31,58.60%,37,81.30%,30,81.70%,24,83.60%,48,34.60%,43,17.80%,23,19.50%,39,"43,484",83,"39,500",89,36.80%,90,35.30%,91,83.40%,74,84.90%,86,3.90%,72,4.00%,70,831,76,792,62,0.591,35,0.591,27,563,95,531.9,96,"95,259",72,"70,920",97,7.00%
Haywood,"63,282",44,0.60%,44,7.00%,35,"4,129",34,48.52,11,48.49,11,17.20%,81,17.30%,83,27.00%,15,26.80%,16,8.20%,22,8.40%,22,27.90%,40,26.20%,44,12.80%,33,12.40%,15,12.90%,47,14.30%,53,870,12,542,33,43.3,61,27,56,48.40%,72,49.70%,70,13.50%,45,48.50%,25,70.40%,11,74.50%,64,74.30%,61,85.30%,44,33.80%,37,20.40%,39,20.80%,50,"49,639",38,"45,709",34,68.30%,38,68.20%,35,81.40%,46,81.90%,44,2.90%,4,3.20%,13,861,54,809,53,0.55,26,0.535,17,842,39,825.4,34,"157,377",22,"154,282",21,7.00%
Henderson,"118,043",24,1.10%,24,9.00%,27,"9,794",26,48.77,10,48.63,10,17.30%,79,17.50%,78,28.80%,9,28.40%,8,7.80%,24,7.90%,24,20.90%,11,19.30%,11,15.00%,75,14.70%,62,11.20%,19,12.30%,16,438,67,514,36,29,24,34,64,49.00%,71,49.00%,73,10.00%,19,47.10%,30,61.80%,29,83.50%,20,82.30%,23,78.00%,60,28.90%,18,18.60%,30,17.00%,26,"52,634",27,"48,613",27,67.40%,41,66.20%,42,80.20%,35,80.50%,28,2.90%,3,3.20%,12,977,19,904,25,0.431,12,0.561,23,844.3,38,820.5,35,"150,507",25,"146,251",25,6.75%
Hertford,"19,365",81,0.20%,81,-19.20%,99,"-4,606",94,39.93,72,39.9,73,20.10%,46,20.40%,42,21.80%,44,21.60%,44,5.80%,67,5.90%,70,41.50%,88,39.50%,90,12.40%,24,13.60%,39,13.20%,55,14.90%,64,355,85,77,86,12.7,4,3,7,109.50%,6,109.50%,7,26.60%,100,36.90%,70,43.80%,86,72.60%,75,70.80%,76,76.10%,61,45.50%,83,35.10%,95,28.00%,78,"41,973",94,"38,879",91,68.70%,36,70.40%,31,80.50%,36,80.80%,33,4.80%,92,4.90%,93,868,48,864,35,0.84,90,0.84,88,759.1,55,731.4,53,"90,366",79,"87,069",76,7.00%
Hoke,"56,404",48,0.50%,48,12.90%,18,"6,460",29,33.12,97,33.5,96,29.90%,2,30.40%,2,11.30%,99,11.00%,99,10.70%,7,11.00%,7,34.40%,74,32.40%,76,15.40%,80,16.50%,81,13.30%,58,15.10%,68,279,91,154,74,38,44,21,43,65.00%,49,65.00%,50,17.00%,77,42.00%,50,57.00%,46,79.00%,39,79.50%,34,81.70%,53,37.90%,55,21.50%,46,21.30%,52,"41,652",97,"37,467",96,31.00%,95,30.10%,95,81.80%,51,81.80%,43,4.40%,85,4.70%,86,851,62,775,77,0.73,64,0.73,63,615.8,86,558,91,"84,362",90,"74,403",93,6.75%
Hyde,"4,495",99,0.00%,99,-19.10%,98,"-1,058",73,46.04,22,45.74,23,16.90%,86,17.10%,85,23.90%,29,23.60%,27,5.00%,89,5.10%,89,29.90%,51,27.70%,53,17.50%,92,16.80%,85,14.90%,87,17.00%,91,405,78,15,97,40.5,52,2,2,95.50%,17,95.50%,20,14.70%,56,25.90%,97,32.30%,100,67.80%,87,67.80%,88,1.50%,100,48.50%,95,30.30%,83,28.00%,77,"49,175",40,"45,957",33,75.80%,21,76.30%,18,79.10%,27,82.40%,51,4.70%,90,4.60%,85,760,96,738,94,1.045,100,0.895,96,1894.8,1,1620.9,2,"211,714",10,"203,890",10,6.75%
Iredell,"200,590",14,1.90%,14,21.00%,8,"34,850",9,42.1,59,41.95,60,19.70%,54,19.90%,53,17.60%,81,17.20%,83,5.10%,86,5.30%,85,22.40%,16,20.50%,13,12.60%,32,12.80%,22,10.20%,11,11.60%,12,480,61,872,17,23.1,18,42,74,38.40%,85,38.90%,85,12.60%,34,52.90%,18,66.50%,19,86.10%,15,84.90%,15,90.20%,33,25.70%,8,12.80%,8,13.60%,12,"60,791",7,"56,830",9,69.30%,33,69.30%,33,78.30%,20,80.30%,26,3.20%,24,3.30%,21,1193,6,1157,5,0.5,21,0.5375,18,788.4,48,782.1,41,"146,675",28,"145,512",26,6.75%
Jackson,"43,331",59,0.40%,59,6.70%,36,"2,733",39,38.5,83,38.19,84,16.20%,90,16.40%,90,21.50%,46,21.50%,45,6.60%,42,6.70%,42,24.20%,24,22.60%,24,20.20%,97,19.20%,94,14.10%,75,15.30%,70,517,55,227,63,50.1,74,22,46,23.70%,99,24.60%,99,8.90%,13,42.70%,47,69.50%,13,76.70%,50,75.10%,55,35.10%,97,40.80%,71,22.50%,56,20.00%,45,"43,362",84,"39,950",84,78.30%,14,78.60%,13,81.40%,46,79.80%,22,3.80%,66,3.80%,59,875,44,847,39,0.38,7,0.38,4,1048.5,16,968.8,20,"275,921",4,"269,113",3,7.00%
Johnston,"242,959",9,2.30%,9,36.50%,2,"64,999",3,39.44,78,39.32,78,22.30%,20,22.60%,16,14.50%,94,14.20%,92,4.80%,93,5.00%,92,25.70%,30,23.50%,28,12.60%,30,14.50%,53,10.50%,15,11.50%,11,363,83,760,21,35.3,38,74,86,29.60%,97,29.60%,97,12.90%,39,50.40%,21,55.70%,51,84.40%,18,83.50%,19,87.90%,37,31.80%,26,15.20%,15,13.90%,13,"48,950",42,"45,109",39,48.00%,78,47.50%,78,79.90%,34,82.50%,54,3.20%,26,3.30%,18,950,28,889,29,0.69,61,0.73,63,808.5,44,772.2,44,"110,750",54,"105,775",51,6.75%
Jones,"9,195",97,0.10%,97,-9.00%,85,-907,70,42.45,52,42.6,49,19.40%,57,19.50%,57,24.30%,26,23.80%,26,8.50%,19,8.70%,19,34.50%,75,31.30%,71,17.00%,89,17.50%,90,14.90%,87,17.20%,93,733,24,69,89,31.9,30,3,7,116.40%,5,116.40%,5,16.70%,73,31.00%,93,37.70%,98,69.80%,83,68.60%,86,85.20%,45,45.70%,85,29.10%,79,29.30%,83,"50,245",35,"43,579",48,23.30%,99,24.00%,98,83.40%,74,84.60%,78,3.30%,37,3.40%,23,865,52,768,81,0.74,71,0.72,60,875.7,35,771.1,45,"121,627",49,"102,813",57,7.00%
Lee,"65,751",41,0.60%,41,10.60%,23,"6,303",30,39.26,79,39.2,79,22.80%,13,23.00%,12,18.40%,79,18.10%,78,6.60%,39,6.90%,37,30.50%,56,28.70%,58,15.60%,83,15.90%,75,13.10%,50,14.60%,61,620,42,383,47,58.3,83,36,67,69.30%,45,69.30%,46,9.80%,16,42.10%,49,58.40%,38,79.50%,36,78.80%,36,86.40%,40,36.60%,50,20.60%,40,22.40%,59,"49,136",41,"45,022",41,63.40%,49,62.00%,50,81.30%,42,82.90%,59,3.80%,70,4.00%,73,985,16,911,23,0.65,48,0.73,63,800.3,45,784.9,40,"109,635",55,"103,277",56,7.00%
Lenoir,"54,299",49,0.50%,49,-6.70%,82,"-3,918",91,42,60,42.06,58,21.70%,25,21.80%,24,22.00%,42,21.70%,43,7.20%,31,7.30%,31,41.40%,86,38.10%,87,13.50%,48,14.90%,65,16.10%,96,17.00%,91,415,74,232,60,35.7,40,20,39,37.70%,87,37.70%,86,16.90%,74,33.50%,82,48.30%,78,71.30%,78,71.80%,72,73.40%,64,48.10%,94,30.10%,82,26.10%,73,"50,363",34,"45,319",37,72.70%,26,71.40%,29,81.20%,40,81.50%,42,3.40%,48,3.60%,42,914,35,855,37,0.845,93,0.845,91,682.5,71,656.4,71,"80,764",91,"77,677",90,6.75%
Lincoln,"93,144",31,0.90%,31,18.30%,11,"14,409",18,44.72,30,44.54,31,18.90%,65,19.10%,64,19.60%,63,19.10%,66,5.40%,81,5.60%,80,22.30%,14,20.60%,16,12.50%,27,13.00%,25,11.20%,19,12.80%,21,490,57,422,41,41.8,54,36,67,72.70%,39,72.70%,41,16.10%,68,46.00%,34,59.50%,32,82.00%,26,80.50%,30,90.90%,29,28.70%,16,12.30%,5,13.40%,11,"55,368",18,"51,675",19,47.10%,80,44.00%,85,83.10%,69,84.70%,81,3.00%,11,3.10%,5,991,15,922,20,0.499,20,0.619,37,854,37,826.6,33,"137,964",37,"133,536",35,7.00%
Macon,"37,957",65,0.40%,65,11.00%,22,"3,756",35,49.66,8,49.72,8,17.30%,80,17.40%,81,30.40%,7,30.20%,7,8.30%,20,8.50%,21,26.60%,33,24.20%,33,15.90%,84,18.20%,91,14.40%,82,15.30%,70,722,25,259,58,47.4,69,17,35,63.80%,54,61.70%,55,7.50%,10,42.70%,48,57.90%,40,75.70%,57,74.90%,56,45.40%,92,37.90%,56,21.80%,49,18.50%,31,"48,875",43,"45,095",40,80.80%,11,82.70%,11,85.50%,90,83.80%,69,3.10%,22,3.50%,35,845,67,782,70,0.27,1,0.4,5,905.2,30,897.4,25,"226,298",7,"224,351",6,6.75%
Madison,"21,598",76,0.20%,76,2.50%,48,534,51,46.27,19,46.15,21,16.70%,88,16.70%,89,25.10%,22,24.60%,24,6.30%,48,6.50%,48,28.60%,45,26.60%,48,12.60%,29,13.40%,34,13.30%,58,14.50%,58,915,10,199,66,18.4,9,4,11,51.60%,68,51.60%,68,13.70%,51,54.20%,16,70.90%,10,74.10%,66,73.60%,66,90.50%,32,32.60%,28,22.20%,51,20.00%,46,"43,064",88,"39,775",87,41.40%,88,40.90%,89,79.10%,27,80.60%,30,3.30%,39,3.50%,34,809,85,756,87,0.5,21,0.5,14,661.2,75,651.8,73,"132,247",42,"130,364",39,7.00%
Martin,"21,291",78,0.20%,78,-9.10%,86,"-2,123",81,47.23,15,47.54,15,20.00%,50,20.00%,52,26.50%,17,26.10%,18,6.80%,35,6.90%,38,36.70%,80,34.30%,80,12.30%,22,13.00%,26,13.90%,72,15.50%,73,517,54,116,76,40.1,50,9,27,59.10%,61,59.10%,61,16.70%,72,40.80%,53,62.30%,26,73.50%,70,72.00%,71,46.90%,91,39.80%,67,30.80%,86,32.30%,92,"43,176",87,"38,674",94,52.50%,72,52.80%,74,82.70%,65,82.40%,51,4.30%,81,4.30%,79,698,99,679,99,0.81,84,0.81,82,782.3,52,766.8,46,"96,574",71,"94,665",67,7.00%
McDowell,"44,773",56,0.40%,56,0.20%,55,87,55,44.46,31,44.28,33,18.90%,64,19.10%,65,22.40%,38,22.10%,37,6.60%,40,6.80%,40,32.30%,66,29.70%,65,13.20%,43,14.80%,64,13.70%,66,15.40%,72,859,14,393,46,50.3,76,23,48,96.60%,16,96.60%,17,18.10%,85,40.50%,56,50.50%,71,76.60%,52,75.20%,54,63.60%,76,36.40%,49,21.80%,48,22.80%,61,"42,960",90,"39,398",90,72.90%,25,72.00%,28,84.20%,85,84.70%,81,3.30%,36,3.40%,31,849,63,787,67,0.5675,31,0.5775,25,646.6,77,615.6,78,"111,971",53,"106,596",50,6.75%
Mecklenburg,"1,159,791",2,10.70%,2,17.00%,14,"168,221",2,37.77,88,37.57,90,22.40%,19,22.70%,14,13.10%,98,12.70%,98,4.40%,99,4.50%,98,25.30%,26,22.70%,25,12.20%,21,13.20%,30,9.10%,5,10.90%,8,231,94,"2,566",1,21.3,13,237,98,29.70%,96,29.70%,96,10.00%,20,67.00%,5,74.50%,6,88.70%,6,88.20%,6,99.60%,2,26.30%,12,14.10%,13,16.30%,21,"71,836",3,"66,863",3,87.80%,7,87.40%,7,69.30%,2,73.30%,3,3.30%,34,3.30%,20,1575,2,1484,2,0.4731,18,0.6169,36,1094.8,11,1074.7,11,"177,473",17,"174,205",17,7.25%
Mitchell,"14,854",87,0.10%,87,-2.60%,67,-396,62,44.39,33,44.63,30,18.10%,72,18.00%,72,24.70%,24,24.60%,23,5.90%,65,6.00%,65,29.00%,48,27.10%,50,13.00%,40,14.60%,57,13.80%,69,14.60%,61,"1,021",7,140,75,40.1,50,6,19,53.10%,67,53.10%,67,5.50%,2,41.60%,52,56.90%,47,72.70%,74,73.90%,64,90.60%,31,34.50%,42,22.40%,53,20.40%,48,"43,973",81,"40,735",76,62.70%,50,61.60%,52,80.70%,37,82.00%,45,3.60%,59,4.00%,71,868,48,794,58,0.56,28,0.56,21,922.1,28,727.7,56,"164,659",19,"125,460",42,6.75%
Montgomery,"25,745",74,0.20%,74,-4.30%,73,"-1,170",74,41.25,65,41.38,65,20.90%,32,21.10%,33,22.60%,35,22.30%,34,6.30%,52,6.40%,52,35.90%,77,33.50%,79,16.30%,88,17.30%,88,12.60%,42,13.80%,38,670,34,182,70,69.9,92,19,38,104.80%,10,107.00%,9,18.00%,83,34.80%,81,40.20%,93,68.30%,86,68.60%,87,56.40%,84,41.30%,73,27.80%,74,23.80%,65,"46,916",56,"42,133",62,63.80%,47,64.20%,47,87.00%,100,87.40%,97,3.60%,60,3.70%,53,909,37,901,27,0.615,42,0.615,35,881.6,33,856.8,30,"143,346",31,"139,323",31,7.00%
Moore,"107,122",27,1.00%,27,18.00%,12,"16,349",17,47.04,16,47.02,16,20.10%,49,20.10%,50,27.80%,12,27.50%,12,8.70%,17,8.90%,17,19.70%,9,18.80%,10,12.10%,17,12.00%,10,10.40%,14,12.00%,14,658,36,664,23,31.7,29,32,61,14.40%,100,14.40%,100,14.80%,57,63.30%,7,76.80%,4,85.20%,17,83.80%,18,79.70%,58,24.70%,7,13.10%,9,12.60%,6,"60,775",8,"57,819",7,68.20%,39,68.90%,34,78.20%,19,80.50%,28,3.60%,61,3.70%,54,968,24,921,21,0.33,3,0.485,11,703.3,68,728.8,55,"145,012",30,"142,912",28,7.00%
Nash,"95,428",30,0.90%,30,1.40%,51,"1,308",44,42.52,50,42.53,50,20.30%,41,20.40%,41,20.80%,54,20.40%,54,5.30%,84,5.40%,84,32.90%,69,29.80%,67,13.30%,44,12.60%,18,11.60%,23,13.80%,38,420,71,396,45,39.2,48,37,70,70.40%,42,70.40%,43,16.10%,67,43.40%,44,57.90%,41,75.70%,58,74.40%,59,69.20%,71,35.10%,46,22.30%,52,22.30%,58,"50,714",32,"46,885",30,66.70%,43,65.40%,43,83.30%,70,85.00%,87,4.50%,87,4.80%,89,964,25,894,28,0.67,55,0.67,54,603.1,87,581.8,86,"90,008",80,"86,839",77,6.75%
New Hanover,"238,240",12,2.20%,12,12.90%,19,"27,240",13,39.66,76,39.47,76,17.50%,76,17.70%,76,18.90%,74,18.60%,74,6.90%,32,7.10%,32,20.00%,10,18.80%,9,12.60%,31,12.20%,13,11.70%,27,13.70%,35,801,19,"1,879",4,41.4,53,97,91,65.60%,48,65.60%,49,10.80%,23,65.20%,6,68.90%,14,89.90%,4,88.60%,4,99.60%,1,30.30%,20,13.20%,10,14.30%,14,"57,693",13,"54,391",12,90.80%,1,90.80%,2,76.90%,12,79.40%,18,3.10%,17,3.20%,10,1106,8,1071,7,0.45,16,0.455,9,952.3,23,994,17,"209,301",11,"209,256",8,7.00%
Northampton,"16,854",85,0.20%,85,-17.40%,97,"-3,550",89,39.69,74,39.66,74,19.20%,63,19.30%,62,21.10%,48,21.10%,47,8.00%,23,8.00%,23,39.60%,84,38.50%,88,11.50%,9,13.00%,24,12.70%,44,14.40%,56,230,95,41,95,25.7,22,5,15,86.80%,28,86.80%,27,26.40%,99,39.00%,62,56.30%,49,63.10%,98,61.70%,96,69.40%,69,42.30%,77,36.40%,98,31.80%,91,"46,742",62,"41,617",69,43.10%,86,41.50%,88,81.30%,42,84.60%,78,4.50%,88,4.60%,83,882,40,816,49,0.835,88,0.9,97,1193.4,9,1211.6,8,"132,603",41,"133,878",34,6.75%
Onslow,"212,036",13,2.00%,13,9.70%,25,"18,772",16,25.5,100,25.59,100,31.60%,1,31.30%,1,10.40%,100,10.20%,100,13.60%,2,14.00%,2,23.80%,23,21.70%,22,11.20%,6,10.60%,3,13.40%,60,14.10%,48,433,69,857,20,37.9,43,75,87,34.50%,91,34.50%,92,10.60%,22,45.80%,36,59.20%,34,87.20%,10,87.00%,10,97.40%,14,37.50%,52,18.10%,27,15.90%,17,"50,869",31,"46,972",29,89.10%,4,89.10%,4,71.00%,3,72.20%,2,4.00%,74,4.20%,78,824,78,782,70,0.655,50,0.655,47,638.4,78,528.1,97,"97,465",69,"74,915",92,7.00%
Orange,"151,126",20,1.40%,20,8.10%,29,"11,341",23,37.67,91,37.36,92,15.90%,92,16.30%,91,17.10%,87,16.50%,88,3.70%,100,3.80%,100,14.20%,2,13.10%,2,8.70%,1,10.50%,2,9.50%,7,10.20%,3,330,86,490,39,21.6,16,32,61,88.90%,25,88.90%,25,4.20%,1,78.90%,1,80.00%,2,91.90%,2,91.50%,2,82.00%,52,24.60%,6,10.60%,4,8.70%,4,"74,994",2,"69,593",2,61.70%,54,60.20%,61,62.00%,1,64.80%,1,3.00%,12,3.10%,7,1370,4,1313,4,0.8353,89,0.8312,87,1236.9,7,1214.2,7,"148,805",26,"148,309",24,7.50%
Pamlico,"12,265",91,0.10%,91,-3.40%,71,-436,63,50.55,6,50.56,6,14.50%,98,14.70%,99,30.80%,6,30.40%,6,11.20%,5,11.40%,5,25.30%,27,23.60%,30,14.40%,64,14.60%,56,12.30%,36,13.90%,40,684,32,87,82,78.6,98,10,30,123.40%,4,123.40%,4,13.70%,49,33.20%,85,43.90%,85,75.60%,59,75.30%,52,71.70%,66,35.90%,47,26.30%,66,26.80%,75,"53,355",24,"49,603",23,56.00%,68,54.30%,70,85.90%,94,85.40%,89,3.20%,30,3.70%,55,667,100,642,100,0.625,44,0.625,40,1000.2,18,977.6,18,"160,032",21,"156,410",20,6.75%
Pasquotank,"40,887",62,0.40%,62,4.00%,41,"1,568",43,37.69,90,37.57,89,22.10%,21,22.30%,22,17.20%,86,16.90%,86,8.90%,13,9.10%,14,31.50%,61,29.20%,60,13.20%,42,12.20%,12,10.90%,16,12.20%,15,633,38,252,59,50.2,75,20,39,70.00%,43,70.00%,44,12.50%,32,47.90%,27,52.30%,64,80.30%,35,78.10%,41,94.90%,21,30.20%,19,22.40%,54,23.50%,63,"47,034",53,"43,165",53,66.90%,42,66.80%,40,78.00%,17,80.70%,31,4.00%,73,4.20%,77,894,38,846,40,0.62,43,0.62,39,662.1,74,645.8,75,"106,791",58,"83,873",86,7.00%
Pender,"67,729",40,0.60%,40,25.00%,5,"13,557",21,42.27,54,42.22,55,19.60%,55,19.70%,55,19.50%,64,19.50%,62,7.50%,26,7.80%,25,26.30%,32,25.20%,38,12.40%,25,13.40%,35,11.10%,18,12.80%,21,633,39,399,44,42.8,56,27,56,90.10%,23,90.10%,23,12.10%,28,50.10%,22,65.40%,21,82.70%,23,82.90%,20,78.30%,59,28.00%,15,15.40%,16,16.50%,23,"48,665",44,"45,375",36,41.40%,88,42.20%,87,79.70%,32,81.00%,37,3.20%,25,3.40%,24,842,70,778,75,0.7375,70,0.645,44,870.1,36,857.9,29,"134,896",38,"133,007",37,6.75%
Perquimans,"13,598",90,0.10%,90,0.40%,54,59,56,47.72,13,47.75,13,17.70%,74,17.90%,73,28.70%,10,28.40%,9,10.70%,6,11.10%,6,28.10%,43,26.10%,43,11.90%,13,12.80%,21,12.30%,36,12.40%,18,836,15,75,87,44.6,62,6,19,75.00%,36,75.00%,37,12.40%,31,43.10%,46,65.30%,22,77.50%,48,78.40%,39,56.50%,83,32.00%,27,27.20%,72,26.00%,72,"51,577",30,"46,690",31,33.20%,94,37.70%,90,85.30%,89,85.70%,90,3.80%,69,4.30%,80,793,90,753,88,0.64,47,0.61,32,786.1,49,727.5,57,"128,874",44,"119,261",46,6.75%
Person,"39,681",63,0.40%,63,2.50%,47,985,48,43.01,47,42.93,46,20.20%,44,20.20%,47,21.60%,45,21.10%,48,5.60%,75,5.70%,75,29.60%,50,27.00%,49,12.20%,19,12.70%,20,13.40%,60,14.20%,51,588,46,232,60,32.9,32,13,32,58.30%,64,58.30%,64,17.80%,82,41.70%,51,55.90%,50,78.10%,45,78.40%,38,71.40%,67,34.20%,40,25.60%,64,19.50%,40,"46,879",57,"42,737",57,54.20%,70,53.80%,71,79.70%,32,82.40%,51,3.50%,55,3.70%,56,910,36,860,36,0.7225,63,0.72,60,964.2,20,940,22,"133,912",39,"130,557",38,6.75%
Pitt,"172,005",17,1.60%,17,1.00%,53,"1,721",42,32.98,98,32.77,98,22.10%,22,22.20%,23,14.90%,90,14.60%,90,6.70%,38,6.70%,41,32.70%,68,29.60%,64,12.30%,23,12.00%,9,13.10%,50,14.40%,56,479,62,866,18,30.4,27,55,78,50.30%,69,50.30%,69,9.00%,14,59.80%,9,67.90%,17,82.60%,24,81.40%,26,83.00%,49,40.70%,70,23.50%,57,21.50%,53,"53,200",26,"49,350",26,86.50%,8,86.40%,8,78.30%,20,79.60%,21,4.00%,75,4.00%,72,1037,10,993,9,0.6841,58,0.6841,56,635.2,79,617.9,77,"92,855",74,"90,326",73,7.00%
Polk,"19,585",80,0.20%,80,-1.40%,64,-275,60,51.2,4,51.15,5,15.00%,97,15.10%,96,30.90%,5,30.70%,5,8.90%,14,9.00%,16,23.50%,21,21.50%,20,14.10%,60,14.10%,49,12.20%,34,12.90%,24,314,87,65,90,9.7,2,2,2,103.40%,11,103.40%,11,13.70%,50,49.80%,23,68.70%,15,81.50%,28,80.40%,31,50.40%,89,28.90%,17,18.80%,31,18.70%,32,"59,482",11,"54,775",11,57.70%,66,54.60%,69,77.50%,15,79.40%,18,3.40%,47,3.80%,58,815,83,769,80,0.5343,24,0.5143,16,959.6,22,927.2,23,"186,577",12,"180,284",12,6.75%
Randolph,"146,470",22,1.40%,22,3.10%,46,"4,386",33,41.38,63,41.43,64,20.60%,38,20.80%,38,19.30%,69,19.00%,69,5.50%,76,5.70%,76,30.30%,54,27.70%,52,15.10%,77,17.40%,89,13.50%,62,14.30%,53,695,31,998,14,66.1,88,95,90,42.80%,82,42.80%,82,13.00%,41,35.10%,79,54.80%,54,78.40%,43,77.10%,45,92.30%,28,37.90%,54,21.10%,44,19.70%,43,"45,777",69,"41,954",65,58.90%,62,58.60%,63,82.50%,57,83.50%,67,3.50%,54,3.50%,39,862,53,814,50,0.5,21,0.6327,43,549.9,97,535.6,95,"86,906",86,"84,652",85,7.00%
Richmond,"42,137",60,0.40%,60,-7.10%,83,"-3,204",87,41.82,61,41.73,61,22.50%,14,22.50%,18,19.50%,66,19.20%,65,6.80%,33,7.00%,33,50.30%,97,47.10%,97,14.90%,73,14.70%,61,16.60%,97,17.30%,95,"1,361",3,610,26,84.8,99,38,73,59.10%,60,59.10%,61,17.10%,78,37.50%,68,41.80%,90,68.30%,85,69.30%,83,86.10%,43,45.60%,84,40.20%,100,34.20%,95,"44,562",78,"40,055",83,69.80%,31,68.00%,36,86.30%,97,88.60%,98,4.50%,86,4.70%,87,823,79,770,79,0.83,87,0.83,86,733.1,62,703.1,65,"88,320",84,"84,711",84,6.75%
Robeson,"117,372",26,1.10%,26,-9.30%,87,"-12,027",100,37.76,89,37.93,87,22.50%,17,22.40%,21,17.50%,83,17.30%,81,5.80%,68,5.90%,67,56.00%,100,52.30%,100,19.70%,96,18.50%,92,18.00%,100,18.80%,98,"1,362",2,"1,779",5,97.2,100,127,95,66.90%,46,73.30%,40,22.00%,95,32.00%,89,46.10%,82,62.80%,99,61.00%,99,86.40%,41,52.60%,100,36.00%,97,39.20%,98,"41,780",96,"36,880",98,72.70%,26,71.30%,30,85.80%,93,86.40%,96,5.00%,94,5.20%,96,832,74,786,68,0.77,76,0.77,73,524.4,98,505.8,98,"68,100",99,"65,694",99,7.00%
Rockingham,"91,991",32,0.90%,32,0.20%,56,139,54,44.44,32,44.5,32,18.80%,66,18.90%,67,22.00%,41,21.70%,42,5.70%,73,5.80%,72,31.40%,60,29.50%,62,13.30%,46,13.70%,42,14.00%,74,15.50%,73,696,29,633,24,62.6,85,57,79,40.50%,84,40.50%,84,18.90%,88,38.10%,67,52.50%,61,71.50%,77,70.70%,78,86.10%,42,39.00%,60,26.50%,67,22.00%,55,"45,049",73,"41,249",73,58.00%,65,57.70%,65,83.40%,74,84.60%,78,3.80%,68,3.90%,65,846,65,790,65,0.695,62,0.695,58,633.7,80,607.4,82,"91,178",77,"87,401",75,7.00%
Rowan,"150,169",21,1.40%,21,7.90%,31,"11,026",24,40.9,66,40.81,67,21.20%,28,21.40%,28,19.40%,67,19.10%,68,5.90%,63,6.10%,60,30.80%,57,28.40%,55,12.90%,37,14.50%,54,13.20%,55,14.50%,58,647,37,919,15,61.2,84,87,89,36.70%,90,37.00%,90,12.80%,36,40.20%,58,52.60%,60,79.20%,37,78.20%,40,93.00%,26,38.70%,58,23.60%,58,22.20%,56,"46,763",61,"42,922",56,60.70%,58,60.60%,57,81.90%,53,83.00%,61,3.30%,41,3.60%,41,1001,14,981,11,0.58,32,0.6575,48,648.9,76,633.2,76,"98,690",67,"96,303",65,7.00%
Rutherford,"64,350",43,0.60%,43,-3.00%,68,"-1,974",79,43.09,46,42.91,47,19.70%,53,19.70%,54,22.00%,43,21.80%,40,6.20%,57,6.40%,54,34.30%,73,31.20%,70,13.60%,54,13.80%,44,16.00%,94,17.20%,93,482,60,323,50,50.7,77,34,64,60.10%,56,60.10%,57,13.70%,52,36.70%,72,55.30%,53,74.30%,65,74.40%,60,62.50%,79,42.30%,76,25.30%,63,25.50%,71,"42,376",91,"38,741",93,68.70%,36,66.70%,41,81.70%,49,81.40%,39,4.40%,84,4.60%,84,843,69,790,65,0.454,17,0.597,28,747.5,59,742.5,51,"125,207",47,"124,377",43,7.00%
Sampson,"58,961",47,0.50%,47,-5.80%,78,"-3,634",90,40.23,69,40.44,69,24.10%,8,24.20%,8,19.60%,62,19.30%,63,5.80%,69,5.90%,68,40.40%,85,37.50%,84,17.90%,93,20.20%,97,12.50%,39,14.00%,43,266,92,169,72,34.6,37,22,46,64.90%,50,66.00%,48,13.60%,48,35.50%,75,45.50%,83,70.50%,81,69.70%,82,68.30%,72,45.80%,86,29.20%,80,28.20%,79,"45,841",68,"40,646",78,61.70%,54,60.60%,57,82.60%,58,83.40%,65,3.30%,40,3.60%,47,887,39,828,44,0.825,86,0.825,85,729.1,64,711,63,"88,372",83,"86,180",79,7.00%
Scotland,"33,005",69,0.30%,69,-7.50%,84,"-2,675",86,41.35,64,41.6,63,23.00%,12,22.90%,13,20.90%,53,20.60%,53,6.80%,34,6.90%,35,47.90%,96,44.40%,96,14.30%,61,13.70%,43,17.90%,99,20.40%,100,"1,160",4,404,43,68.9,91,24,51,96.80%,15,96.80%,16,17.00%,76,31.10%,92,41.60%,91,65.70%,94,61.60%,97,81.00%,55,50.50%,98,35.00%,94,45.60%,100,"42,171",93,"37,527",95,61.10%,57,61.20%,54,82.40%,56,83.40%,65,6.30%,100,6.10%,99,874,45,824,45,0.99,99,0.99,100,755.5,56,729.2,54,"76,315",95,"72,924",94,6.75%
Stanly,"63,008",45,0.60%,45,4.90%,40,"2,947",38,42.27,55,42.24,54,20.10%,45,20.30%,44,20.70%,55,20.30%,56,5.50%,79,5.60%,78,27.40%,38,24.80%,36,12.80%,34,14.60%,60,12.50%,39,12.80%,21,586,47,368,48,43,57,27,56,71.40%,41,76.20%,36,12.10%,27,40.10%,59,52.30%,63,78.60%,41,77.70%,42,84.00%,46,31.30%,23,20.70%,42,19.10%,37,"46,827",59,"43,279",52,60.60%,59,62.20%,49,82.60%,58,84.10%,72,3.10%,16,3.20%,14,859,56,793,61,0.61,39,0.61,32,627.9,82,584.2,85,"102,930",61,"95,767",66,7.00%
Stokes,"45,205",55,0.40%,55,-1.50%,65,-697,67,45.76,24,45.75,22,17.30%,78,17.40%,80,22.40%,37,21.90%,38,6.20%,54,6.40%,55,26.20%,31,23.30%,27,13.70%,55,12.30%,14,13.80%,69,13.90%,40,599,45,273,57,72.4,95,33,63,103.00%,12,103.00%,12,17.50%,80,32.20%,88,52.40%,62,76.00%,56,75.20%,53,82.30%,51,33.90%,39,19.10%,33,19.00%,35,"46,159",67,"42,290",60,33.50%,92,30.00%,96,86.80%,99,88.70%,100,3.10%,19,3.30%,22,733,97,698,98,0.66,52,0.66,49,707.6,67,687.7,68,"107,205",57,"104,204",53,6.75%
Surry,"71,283",38,0.70%,38,-1.40%,63,"-1,000",72,42.49,51,42.6,48,20.20%,42,20.30%,45,20.60%,56,20.40%,55,5.10%,87,5.20%,87,31.60%,62,29.30%,61,14.70%,70,16.70%,84,14.50%,83,15.60%,76,747,21,536,34,43.2,59,31,60,62.50%,55,62.90%,54,16.20%,70,45.60%,38,59.20%,33,74.10%,68,72.20%,68,95.60%,19,39.30%,62,21.10%,43,20.00%,44,"46,963",55,"42,733",58,67.90%,40,67.50%,38,84.00%,84,84.70%,81,3.20%,28,3.50%,38,873,46,818,48,0.552,27,0.552,20,562.2,96,540.1,94,"101,852",64,"97,851",63,7.00%
Swain,"14,370",88,0.10%,88,-0.40%,59,-64,58,39.91,73,39.99,72,23.50%,9,23.50%,9,20.10%,57,20.00%,57,6.50%,46,6.60%,46,42.50%,91,39.80%,91,24.20%,100,22.30%,100,15.10%,92,16.10%,79,743,22,106,77,49.1,72,7,23,83.80%,31,78.70%,32,20.30%,90,35.60%,74,45.40%,84,67.00%,90,66.60%,90,34.40%,98,45.30%,81,25.80%,65,20.90%,51,"49,421",39,"44,824",42,69.10%,34,69.40%,32,83.50%,77,85.20%,88,2.80%,2,3.20%,9,876,43,831,42,0.36,6,0.36,3,511.8,100,502.8,99,"142,164",32,"139,671",30,7.00%
Transylvania,"33,609",68,0.30%,68,3.30%,45,"1,087",47,51.16,5,51.16,4,15.60%,95,15.60%,95,33.10%,1,32.80%,1,9.10%,11,9.20%,13,22.90%,19,21.60%,21,15.50%,82,15.90%,74,12.00%,31,13.60%,33,567,51,195,68,20.4,12,7,23,91.40%,20,96.30%,18,9.90%,18,45.30%,39,49.80%,74,80.60%,33,79.10%,35,80.10%,57,32.80%,31,21.90%,50,20.60%,49,"52,252",28,"48,341",28,76.00%,20,73.90%,23,81.00%,39,80.90%,35,3.30%,38,3.50%,36,856,58,794,58,0.6033,38,0.6033,31,1280.3,5,1258.6,6,"212,212",9,"208,617",9,6.75%
Tyrrell,"3,161",100,0.00%,100,-21.30%,100,-858,69,45.21,26,44.85,28,19.40%,58,19.20%,63,24.10%,27,23.50%,28,9.70%,8,9.70%,10,35.10%,76,31.70%,73,18.60%,95,16.30%,78,13.70%,66,16.20%,81,710,28,19,96,49.8,73,2,2,54.50%,65,54.50%,66,15.90%,65,24.40%,100,38.30%,96,65.40%,95,65.40%,93,33.20%,99,37.80%,53,30.90%,88,29.40%,84,"47,379",52,"43,515",50,58.60%,63,61.20%,54,76.70%,11,79.30%,17,4.60%,89,4.30%,81,769,94,702,97,0.95,97,0.95,98,1320.4,3,1327,3,"138,988",35,"139,686",29,6.75%
Union,"252,232",8,2.30%,8,19.60%,10,"41,352",7,39.66,75,39.51,75,20.80%,34,21.30%,32,14.70%,91,14.30%,91,4.40%,98,4.50%,99,18.80%,8,16.80%,7,10.80%,4,11.30%,6,7.60%,1,8.50%,1,244,93,584,29,21.3,13,51,76,47.30%,74,47.30%,74,7.80%,12,57.60%,12,70.30%,12,88.50%,8,88.10%,7,92.60%,27,21.60%,3,9.40%,1,8.40%,2,"63,777",6,"59,055",6,54.40%,69,53.10%,72,76.20%,10,78.70%,16,3.00%,9,3.20%,8,1072,9,983,10,0.588,33,0.588,26,909.6,29,886,26,"154,690",23,"150,687",22,6.75%
Vance,"41,815",61,0.40%,61,-5.00%,75,"-2,220",82,38.57,82,38.78,81,23.10%,10,23.10%,11,19.50%,65,19.20%,64,5.70%,70,5.90%,69,52.90%,99,49.60%,99,14.40%,63,14.60%,55,14.30%,79,16.60%,88,"1,141",5,508,37,44.9,63,20,39,58.80%,63,58.80%,63,19.80%,89,35.20%,78,50.80%,68,75.40%,60,71.60%,73,80.60%,56,46.20%,88,34.40%,93,30.00%,86,"44,399",79,"39,845",85,61.40%,56,61.80%,51,82.70%,65,81.20%,38,5.40%,98,5.50%,97,846,65,802,56,0.89,96,0.89,95,632.7,81,609.1,80,"71,094",98,"68,442",98,6.75%
Wake,"1,189,705",1,11.00%,1,22.30%,7,"217,210",1,39.02,81,38.7,82,21.00%,31,21.40%,27,13.60%,97,13.10%,97,4.50%,96,4.60%,96,17.50%,6,15.80%,6,9.50%,2,10.10%,1,8.50%,2,9.50%,2,227,96,"2,521",2,21.6,16,240,99,37.20%,89,37.20%,89,6.90%,7,73.90%,2,81.80%,1,92.00%,1,91.80%,1,99.00%,7,20.80%,2,10.10%,3,8.30%,1,"71,205",4,"66,147",4,84.30%,9,83.60%,9,71.10%,4,75.70%,7,3.00%,15,3.00%,2,1387,3,1332,3,0.657,51,0.6195,38,1055,14,1008.1,15,"170,305",18,"168,015",18,7.25%
Warren,"18,892",82,0.20%,82,-6.50%,81,"-1,316",77,44.1,35,43.93,37,17.60%,75,17.80%,75,25.00%,23,24.80%,22,6.60%,41,6.80%,39,33.90%,71,32.00%,75,17.40%,91,17.00%,86,13.80%,69,16.10%,79,437,68,79,85,20.3,11,4,11,90.90%,21,82.80%,30,20.50%,92,27.30%,95,50.40%,72,66.90%,91,66.40%,91,36.50%,96,45.40%,82,29.20%,81,33.30%,94,"38,740",100,"35,682",99,43.00%,87,43.60%,86,82.60%,58,82.30%,50,5.20%,97,5.60%,98,732,98,706,96,0.81,84,0.81,82,1178,10,1091.2,10,"145,431",29,"134,713",33,6.75%
Washington,"10,425",95,0.10%,95,-16.00%,95,"-1,991",80,47.38,14,47.65,14,21.80%,24,21.50%,26,28.20%,11,27.80%,11,6.60%,44,6.70%,43,41.50%,89,38.10%,86,12.90%,38,14.10%,50,16.60%,97,19.10%,99,487,58,47,93,51.8,78,6,19,72.00%,40,72.00%,42,17.20%,79,27.20%,96,43.00%,87,60.40%,100,58.10%,100,63.10%,77,50.00%,96,38.80%,99,37.80%,97,"46,846",58,"41,632",68,51.00%,76,58.60%,63,83.60%,80,78.30%,13,4.80%,93,4.80%,88,861,54,824,45,0.85,94,0.85,92,785.1,50,801.4,38,"92,362",76,"94,285",68,6.75%
Watauga,"53,561",50,0.50%,50,3.40%,44,"1,759",41,31.65,99,31.23,99,12.00%,100,12.10%,100,18.80%,75,18.30%,77,5.40%,80,5.40%,83,12.20%,1,11.00%,1,13.30%,45,13.10%,28,12.60%,42,14.30%,53,413,76,232,60,16,5,9,27,75.70%,35,76.40%,35,5.70%,5,67.80%,4,78.90%,3,87.00%,11,86.40%,12,94.70%,23,39.50%,63,13.80%,11,12.90%,7,"46,766",60,"43,559",49,88.50%,5,88.30%,6,74.70%,8,74.80%,4,3.20%,31,3.50%,33,858,57,809,53,0.318,2,0.318,1,880.9,34,720.7,60,"277,015",3,"178,826",13,6.75%
Wayne,"117,447",25,1.10%,25,-4.40%,74,"-5,346",96,37.8,87,37.69,88,24.60%,7,24.70%,7,17.60%,82,17.30%,82,9.60%,10,9.80%,9,36.20%,78,33.20%,77,14.90%,74,15.40%,70,13.00%,48,14.20%,51,420,71,517,35,29.2,25,36,67,59.40%,58,59.40%,59,13.50%,46,44.30%,43,59.10%,35,78.00%,46,77.20%,44,90.10%,34,39.10%,61,26.70%,69,23.20%,62,"49,881",37,"45,415",35,76.40%,18,77.40%,15,81.30%,42,81.40%,39,3.70%,65,4.00%,69,881,41,838,41,0.7425,73,0.7425,71,594.7,88,557.9,92,"80,099",92,"78,858",88,6.75%
Wilkes,"65,600",42,0.60%,42,-3.50%,72,"-2,410",84,43.81,39,43.87,38,19.30%,59,19.40%,60,22.50%,36,22.20%,35,5.40%,82,5.40%,82,31.30%,58,29.00%,59,14.70%,69,16.40%,79,14.90%,87,15.10%,68,"1,606",1,"1,099",11,33.6,33,23,48,90.90%,22,90.90%,22,15.50%,64,40.70%,55,54.20%,55,76.50%,54,76.70%,49,95.70%,18,40.90%,72,23.90%,59,20.10%,47,"46,169",66,"41,739",67,73.60%,24,75.00%,20,82.70%,65,82.10%,47,3.80%,67,3.80%,60,868,48,812,51,0.66,53,0.66,49,618.6,85,607.8,81,"93,733",73,"92,088",71,7.00%
Wilson,"77,313",36,0.70%,36,-3.00%,69,"-2,407",83,39.18,80,39.2,80,22.40%,18,22.40%,19,18.70%,77,18.50%,75,6.40%,47,6.50%,49,38.00%,82,34.50%,81,15.10%,78,16.10%,77,13.70%,66,15.50%,73,621,41,508,37,45.2,64,37,70,26.60%,98,26.60%,98,21.10%,93,38.70%,64,51.40%,67,71.20%,79,72.00%,70,94.90%,20,42.60%,79,26.60%,68,32.80%,93,"48,642",45,"44,562",45,72.00%,30,73.40%,26,83.70%,81,82.00%,45,5.00%,95,5.00%,94,980,18,938,16,0.73,64,0.73,63,750.2,57,725.1,58,"102,773",62,"99,330",62,6.75%
Yadkin,"37,082",66,0.30%,66,-2.10%,66,-790,68,43.32,43,43.36,44,19.50%,56,19.60%,56,21.10%,50,20.80%,50,5.90%,62,6.00%,64,28.10%,42,25.00%,37,15.40%,79,15.30%,69,13.10%,50,13.90%,40,828,16,312,51,42.5,55,16,34,74.50%,37,74.50%,38,14.60%,55,36.80%,71,47.10%,80,75.10%,61,74.10%,63,76.10%,62,34.20%,41,18.80%,32,16.80%,25,"46,172",65,"41,874",66,46.70%,81,47.40%,79,83.90%,83,84.30%,74,3.10%,20,3.40%,29,831,76,794,58,0.65,48,0.66,49,584.8,90,568.2,89,"88,606",82,"86,092",80,6.75%
Yancey,"18,439",83,0.20%,83,3.60%,43,638,50,46.09,21,46.27,19,17.80%,73,17.80%,74,25.80%,19,25.80%,19,5.50%,77,5.60%,79,29.30%,49,26.60%,47,14.70%,71,15.70%,73,13.60%,64,15.00%,67,941,9,170,71,16.6,6,3,7,44.90%,80,44.90%,80,5.50%,3,39.30%,61,57.80%,43,76.20%,55,74.50%,58,94.00%,25,40.10%,68,24.20%,61,22.20%,57,"41,892",95,"39,832",86,62.50%,52,61.40%,53,82.90%,68,82.70%,56,3.30%,35,3.60%,45,808,86,757,86,0.6,37,0.6,30,796,46,779,43,"132,672",40,"129,827",40,6.75%